Workbook

Sheet Panduan
B2: Template Pengumpulan Data — Analisis Sentimen Kartu Sumbawa Pintar (KSP)
B3: Disusun untuk kebutuhan evaluasi internal Bapperida Kabupaten Sumbawa
B5: Cara Pakai
B6: Sheet | C6: Fungsi
B7: Data Komentar | C7: Input komentar/opini publik dari media sosial, kolom komentar berita, atau forum. Satu baris = satu komentar.
B8: Data Survei | C8: Input hasil survei primer (mis. Google Form) ke mahasiswa penerima dan calon penerima KSP.
B9: Rekap & Dashboard | C9: Ringkasan otomatis (rumus) dari dua sheet di atas — jangan diisi manual.
B12: Legenda Warna Sel
B13: Sel hijau muda | C13: kolom yang WAJIB Anda isi
B14: Sel kuning (baris contoh) | C14: contoh format isian, hapus setelah Anda mulai input data asli
B15: Sel putih di sheet Rekap | C15: berisi rumus otomatis, jangan diedit manual
B17: Catatan Etika & Privasi
B18: • Untuk komentar publik dari medsos: cukup catat nama akun/username, jangan sertakan data pribadi lain (nomor HP, alamat).
B19: • Untuk data survei mahasiswa: jika ingin anonim, kosongkan kolom nama dan cukup isi status penerima + kampus.
B20: • Simpan link/sumber asli setiap komentar agar bisa diverifikasi ulang bila diperlukan.

Sheet Data Komentar
A1: DATA KOMENTAR PUBLIK — KARTU SUMBAWA PINTAR (KSP)
A3: No | B3: Tanggal | C3: Platform/Sumber | D3: Nama Akun (opsional) | E3: Isi Komentar | F3: Link Sumber | G3: Kategori Isu | H3: Sentimen | I3: Catatan Analis
A4: 1 | B4: 2026-07-21 | C4: Facebook - Samawa Rea | D4: budi_smbw | E4: Bagus programnya, tapi info awal sempat bikin warga kira ini kartu ATM | F4: https://facebook.com/contoh-link | G4: Fungsi Kartu | H4: Netral | I4: Contoh baris, hapus sebelum isi data asli
A5: =IF(E5="","",ROW()-3)
A6: =IF(E6="","",ROW()-3)
A7: =IF(E7="","",ROW()-3)
A8: =IF(E8="","",ROW()-3)
A9: =IF(E9="","",ROW()-3)
A10: =IF(E10="","",ROW()-3)
A11: =IF(E11="","",ROW()-3)
A12: =IF(E12="","",ROW()-3)
A13: =IF(E13="","",ROW()-3)
A14: =IF(E14="","",ROW()-3)
A15: =IF(E15="","",ROW()-3)
A16: =IF(E16="","",ROW()-3)
... A204: =IF(E204="","",ROW()-3)

Sheet Data Survei
A1: DATA SURVEI PRIMER — PENERIMA & CALON PENERIMA KSP
A3: No | B3: Tanggal Isi | C3: Nama (opsional) | D3: Status | E3: Asal Kampus | F3: Skor Kejelasan Info (1-5) | G3: Skor Kemudahan Proses (1-5) | H3: Skor Kepuasan (1-5) | I3: Komentar Bebas | J3: Sentimen (auto)
A4: 1 | B4: 2026-07-22 | C4: (anonim) | D4: Penerima | E4: UTS | F4: 4 | G4: 3 | H4: 4 | I4: Prosesnya agak ribet di awal tapi kartunya membantu | J4: =IF(H4="","",IF(H4>=4,"Positif",IF(H4<=2,"Negatif","Netral"))) -> Positif
A5: =IF(C5="","",ROW()-3) | J5: =IF(H5="","",IF(H5>=4,"Positif",IF(H5<=2,"Negatif","Netral")))
A6: =IF(C6="","",ROW()-3) | J6: =IF(H6="","",IF(H6>=4,"Positif",IF(H6<=2,"Negatif","Netral")))
A7: =IF(C7="","",ROW()-3) | J7: =IF(H7="","",IF(H7>=4,"Positif",IF(H7<=2,"Negatif","Netral")))
A8: =IF(C8="","",ROW()-3) | J8: =IF(H8="","",IF(H8>=4,"Positif",IF(H8<=2,"Negatif","Netral")))
A9: =IF(C9="","",ROW()-3) | J9: =IF(H9="","",IF(H9>=4,"Positif",IF(H9<=2,"Negatif","Netral")))
A10: =IF(C10="","",ROW()-3) | J10: =IF(H10="","",IF(H10>=4,"Positif",IF(H10<=2,"Negatif","Netral")))
A11: =IF(C11="","",ROW()-3) | J11: =IF(H11="","",IF(H11>=4,"Positif",IF(H11<=2,"Negatif","Netral")))
A12: =IF(C12="","",ROW()-3) | J12: =IF(H12="","",IF(H12>=4,"Positif",IF(H12<=2,"Negatif","Netral")))
A13: =IF(C13="","",ROW()-3) | J13: =IF(H13="","",IF(H13>=4,"Positif",IF(H13<=2,"Negatif","Netral")))
A14: =IF(C14="","",ROW()-3) | J14: =IF(H14="","",IF(H14>=4,"Positif",IF(H14<=2,"Negatif","Netral")))
A15: =IF(C15="","",ROW()-3) | J15: =IF(H15="","",IF(H15>=4,"Positif",IF(H15<=2,"Negatif","Netral")))
A16: =IF(C16="","",ROW()-3) | J16: =IF(H16="","",IF(H16>=4,"Positif",IF(H16<=2,"Negatif","Netral")))
... A204: =IF(C204="","",ROW()-3) | J204: =IF(H204="","",IF(H204>=4,"Positif",IF(H204<=2,"Negatif","Netral")))

Sheet Rekap & Dashboard
B2: REKAP OTOMATIS — SENTIMEN KARTU SUMBAWA PINTAR
B3: Semua angka di sheet ini dihitung otomatis dari 'Data Komentar' dan 'Data Survei'. Jangan diedit manual.
B5: A. Distribusi Sentimen — Data Komentar
A6: Sentimen | B6: Jumlah | C6: Persentase
B7: Positif | C7: =COUNTIF('Data Komentar'!H5:H204,B7) -> 0 | D7: =IFERROR(C7/SUM($C$7:$C$9),0) -> 0
B8: Negatif | C8: =COUNTIF('Data Komentar'!H5:H204,B8) -> 0 | D8: =IFERROR(C8/SUM($C$7:$C$9),0) -> 0
B9: Netral | C9: =COUNTIF('Data Komentar'!H5:H204,B9) -> 0 | D9: =IFERROR(C9/SUM($C$7:$C$9),0) -> 0
B10: Total | C10: =SUM(C7:C9) -> 0
B12: B. Rata-rata Skor Survei — Data Survei
A13: Indikator | B13: Rata-rata (1-5) | C13: Jumlah Responden
B14: Kejelasan Informasi | C14: =IFERROR(AVERAGE('Data Survei'!F5:F204),0) -> 0 | D14: =COUNT('Data Survei'!F5:F204) -> 0
B15: Kemudahan Proses | C15: =IFERROR(AVERAGE('Data Survei'!G5:G204),0) -> 0 | D15: =COUNT('Data Survei'!G5:G204) -> 0
B16: Kepuasan Umum | C16: =IFERROR(AVERAGE('Data Survei'!H5:H204),0) -> 0 | D16: =COUNT('Data Survei'!H5:H204) -> 0
B19: C. Distribusi Sentimen — Data Survei (otomatis dari skor kepuasan)
A20: Sentimen | B20: Jumlah
B21: Positif | C21: =COUNTIF('Data Survei'!J5:J204,B21) -> 0
B22: Negatif | C22: =COUNTIF('Data Survei'!J5:J204,B22) -> 0
B23: Netral | C23: =COUNTIF('Data Survei'!J5:J204,B23) -> 0
B25: D. Isu Terbanyak Dibahas — Data Komentar
A26: Kategori Isu | B26: Jumlah Komentar
B27: Fungsi Kartu | C27: =COUNTIF('Data Komentar'!G5:G204,B27) -> 0
B28: Anggaran | C28: =COUNTIF('Data Komentar'!G5:G204,B28) -> 0
B29: Cakupan Penerima | C29: =COUNTIF('Data Komentar'!G5:G204,B29) -> 0
B30: Proses Pengajuan | C30: =COUNTIF('Data Komentar'!G5:G204,B30) -> 0
B31: Sosialisasi/Edukasi | C31: =COUNTIF('Data Komentar'!G5:G204,B31) -> 0
B32: Lainnya | C32: =COUNTIF('Data Komentar'!G5:G204,B32) -> 0
